{"cameraMode":{"drawMode":0,"name":"Shaded","section":"Shading Mode"},"sceneLighting":true,"audioPlay":false,"sceneViewState":{"m_AlwaysRefresh":false,"showFog":true,"showSkybox":true,"showFlares":true,"showImageEffects":true,"showParticleSystems":true,"showVisualEffectGraphs":true,"m_FxEnabled":true},"in2DMode":false,"pivot":{"x":0.4731330871582031,"y":-0.7669205665588379,"z":-95.33377075195313},"rotation":{"x":0.19169390201568604,"y":0.010305057279765606,"z":-0.002012887503951788,"w":0.9814000129699707},"size":4.843945503234863,"orthographic":false}