{"cameraMode":{"drawMode":0,"name":"Shaded","section":"Shading Mode"},"sceneLighting":true,"audioPlay":false,"sceneViewState":{"m_AlwaysRefresh":false,"showFog":true,"showSkybox":true,"showFlares":true,"showImageEffects":true,"showParticleSystems":true,"showVisualEffectGraphs":true,"m_FxEnabled":true},"in2DMode":false,"pivot":{"x":249.2287139892578,"y":1495.36669921875,"z":-40.4346923828125},"rotation":{"x":0.020998788997530938,"y":0.0006017147679813206,"z":-0.000014064134120417293,"w":0.9997926354408264},"size":1259.1800537109375,"orthographic":true}