{"cameraMode":{"drawMode":0,"name":"Shaded","section":"Shading Mode"},"sceneLighting":false,"audioPlay":false,"sceneViewState":{"m_AlwaysRefresh":false,"showFog":true,"showSkybox":false,"showFlares":true,"showImageEffects":true,"showParticleSystems":true,"showVisualEffectGraphs":true,"m_FxEnabled":true},"in2DMode":false,"pivot":{"x":0.0005664825439453125,"y":0.8154119849205017,"z":-24.111085891723634},"rotation":{"x":0.0958518534898758,"y":0.00657091336324811,"z":-0.0006420025019906461,"w":0.9953912496566773},"size":1.0986897945404053,"orthographic":true}